,artist_name,song_title,songs_id,danceability,energy,key,loudness,mode,speechiness,acousticness,instrumentalness,liveness,valence,tempo,type,id,uri,track_href,analysis_url,duration_ms,time_signature
0,Harry Styles,As It Was,4LRPiXqCikLlN15c3yImP7,0.449,0.023,8,-24.423,1,0.0336,0.903,0.0187,0.116,0.277,90.071,audio_features,7eg3WCVdauMpnUbfaZYfvQ,spotify:track:7eg3WCVdauMpnUbfaZYfvQ,https://api.spotify.com/v1/tracks/7eg3WCVdauMpnUbfaZYfvQ,https://api.spotify.com/v1/audio-analysis/7eg3WCVdauMpnUbfaZYfvQ,171667,4
1,Jack Harlow,First Class,1rDQ4oMwGJI7B4tovsBOxc,0.215,0.71,9,-7.285,1,0.0459,0.0143,1.97e-05,0.328,0.415,160.313,audio_features,0V4pyMCQ26KcrZoeZqoDtj,spotify:track:0V4pyMCQ26KcrZoeZqoDtj,https://api.spotify.com/v1/tracks/0V4pyMCQ26KcrZoeZqoDtj,https://api.spotify.com/v1/audio-analysis/0V4pyMCQ26KcrZoeZqoDtj,337709,4
2,Lizzo,About Damn Time,1PckUlxKqWQs3RlWXVBLw3,0.709,0.357,5,-9.289,1,0.214,0.478,0.000294,0.112,0.544,75.494,audio_features,4XJRpBOG0bU3Nxnvam3FnC,spotify:track:4XJRpBOG0bU3Nxnvam3FnC,https://api.spotify.com/v1/tracks/4XJRpBOG0bU3Nxnvam3FnC,https://api.spotify.com/v1/audio-analysis/4XJRpBOG0bU3Nxnvam3FnC,129480,4
3,Glass Animals,Heat Waves,3USxtqRwSYz57Ewm6wWRMp,0.797,0.616,1,-10.229,0,0.375,0.762,0.000293,0.0979,0.451,103.071,audio_features,44XjoNvtwevktFKjvVe1vH,spotify:track:44XjoNvtwevktFKjvVe1vH,https://api.spotify.com/v1/tracks/44XjoNvtwevktFKjvVe1vH,https://api.spotify.com/v1/audio-analysis/44XjoNvtwevktFKjvVe1vH,339612,4
4,Latto,Big Energy,6Zu3aw7FfjAF9WA0fA81Oq,0.708,0.673,6,-4.163,1,0.0585,0.499,0.000233,0.103,0.311,136.969,audio_features,1bdm32mVmoGcek5bVKxQKd,spotify:track:1bdm32mVmoGcek5bVKxQKd,https://api.spotify.com/v1/tracks/1bdm32mVmoGcek5bVKxQKd,https://api.spotify.com/v1/audio-analysis/1bdm32mVmoGcek5bVKxQKd,197520,4
5,Harry Styles,Late Night Talking,1qEmFfgcLObUfQm0j1W2CK,0.833,0.652,11,-6.942,1,0.0762,0.00161,0.0985,0.106,0.405,158.022,audio_features,0LnS7aOdOdI1dNKZqdOLz4,spotify:track:0LnS7aOdOdI1dNKZqdOLz4,https://api.spotify.com/v1/tracks/0LnS7aOdOdI1dNKZqdOLz4,https://api.spotify.com/v1/audio-analysis/0LnS7aOdOdI1dNKZqdOLz4,135053,4
6,Bad Bunny,Titi Me Pregunto,1IHWl5LamUGEuP4ozKQSXZ,0.591,0.814,4,-4.986,1,0.0468,0.015,0.0,0.117,0.815,149.9,audio_features,13G5xv1wUKvJYbK0wYmioN,spotify:track:13G5xv1wUKvJYbK0wYmioN,https://api.spotify.com/v1/tracks/13G5xv1wUKvJYbK0wYmioN,https://api.spotify.com/v1/audio-analysis/13G5xv1wUKvJYbK0wYmioN,195760,4
7,Morgan Wallen,Wasted On You,3cBsEDNhFI9E82vPj3kvi3,0.417,0.202,0,-10.976,1,0.0357,0.935,0.0,0.108,0.323,118.029,audio_features,6qj02zSeEJGWZ4c0dn5QzJ,spotify:track:6qj02zSeEJGWZ4c0dn5QzJ,https://api.spotify.com/v1/tracks/6qj02zSeEJGWZ4c0dn5QzJ,https://api.spotify.com/v1/audio-analysis/6qj02zSeEJGWZ4c0dn5QzJ,194544,4
8,Bad Bunny,Moscow Mule,6Xom58OOXk2SoU711L2IXO,0.547,0.65,11,-13.62,0,0.324,0.444,0.0,0.34,0.684,144.81,audio_features,1ZlEzZZHicayQYMHHubc0s,spotify:track:1ZlEzZZHicayQYMHHubc0s,https://api.spotify.com/v1/tracks/1ZlEzZZHicayQYMHHubc0s,https://api.spotify.com/v1/audio-analysis/1ZlEzZZHicayQYMHHubc0s,160052,4
9,Justin Bieber,Ghost,6I3mqTwhRpn34SLVafSH7G,0.876,0.498,10,-7.511,1,0.0478,0.0706,0.0,0.143,0.428,122.016,audio_features,31i56LZnwE6uSu3exoHjtB,spotify:track:31i56LZnwE6uSu3exoHjtB,https://api.spotify.com/v1/tracks/31i56LZnwE6uSu3exoHjtB,https://api.spotify.com/v1/audio-analysis/31i56LZnwE6uSu3exoHjtB,173119,4
10,Dove Cameron,Boyfriend,59CfNbkERJ3NoTXDvoURjj,0.852,0.421,10,-9.153,0,0.208,0.428,2.28e-06,0.106,0.457,95.977,audio_features,6kYGOFNUMxpab09L5Ukoke,spotify:track:6kYGOFNUMxpab09L5Ukoke,https://api.spotify.com/v1/tracks/6kYGOFNUMxpab09L5Ukoke,https://api.spotify.com/v1/audio-analysis/6kYGOFNUMxpab09L5Ukoke,202285,4
11,Doja Cat,Woman,6Uj1ctrBOjOas8xZXGqKk4,0.555,0.536,7,-8.233,1,0.0452,0.669,0.0,0.0623,0.203,118.057,audio_features,1mw0RgNXIpYRyyCdBQbLgA,spotify:track:1mw0RgNXIpYRyyCdBQbLgA,https://api.spotify.com/v1/tracks/1mw0RgNXIpYRyyCdBQbLgA,https://api.spotify.com/v1/audio-analysis/1mw0RgNXIpYRyyCdBQbLgA,191638,4
12,Ed Sheeran,Bad Habits,3rmo8F54jFF8OgYsqTxm5d,0.872,0.588,0,-6.276,1,0.0492,0.275,0.0,0.17,0.93,142.004,audio_features,5kVZxyMY1gfdCLiChsfjn1,spotify:track:5kVZxyMY1gfdCLiChsfjn1,https://api.spotify.com/v1/tracks/5kVZxyMY1gfdCLiChsfjn1,https://api.spotify.com/v1/audio-analysis/5kVZxyMY1gfdCLiChsfjn1,230704,4
13,Em Beihold,Numb Little Bug,3o9kpgkIcffx0iSwxhuNI2,0.707,0.811,4,-5.298,0,0.0304,0.311,0.0152,0.131,0.899,113.971,audio_features,69w5X6uTrOaWM32IetSzvO,spotify:track:69w5X6uTrOaWM32IetSzvO,https://api.spotify.com/v1/tracks/69w5X6uTrOaWM32IetSzvO,https://api.spotify.com/v1/audio-analysis/69w5X6uTrOaWM32IetSzvO,187342,4
14,Kodak Black,Super Gremlin,4A8cWXxKfIL3lAyUDzXbCF,0.721,0.479,9,-9.669,1,0.226,0.321,0.00156,0.182,0.902,164.948,audio_features,2NcQic8JxdjAlAHuNbOIRE,spotify:track:2NcQic8JxdjAlAHuNbOIRE,https://api.spotify.com/v1/tracks/2NcQic8JxdjAlAHuNbOIRE,https://api.spotify.com/v1/audio-analysis/2NcQic8JxdjAlAHuNbOIRE,140242,3
15,Morgan Wallen,You Proof,5uU1uuyaUIBOiiUSQG7Wl3,0.829,0.644,9,-7.696,0,0.0427,0.354,0.0511,0.0944,0.896,105.993,audio_features,35TyJIMR3xRouUuo2sjS6v,spotify:track:35TyJIMR3xRouUuo2sjS6v,https://api.spotify.com/v1/tracks/35TyJIMR3xRouUuo2sjS6v,https://api.spotify.com/v1/audio-analysis/35TyJIMR3xRouUuo2sjS6v,243508,4
16,NEW,True Love,7x0wkOCv38Xzd2DBmyU9IC,0.535,0.618,2,-5.668,1,0.382,0.0245,0.0,0.103,0.211,165.991,audio_features,6ws54n2IzyrIxxyzlG2bVJ,spotify:track:6ws54n2IzyrIxxyzlG2bVJ,https://api.spotify.com/v1/tracks/6ws54n2IzyrIxxyzlG2bVJ,https://api.spotify.com/v1/audio-analysis/6ws54n2IzyrIxxyzlG2bVJ,213976,4
17,Parmalee,Take My Name,2afB4eV1KWBqLqFqME6PTh,0.821,0.636,11,-4.479,1,0.169,0.142,0.0,0.233,0.163,127.961,audio_features,0QNNd0qMCDbraS1nQPg3aA,spotify:track:0QNNd0qMCDbraS1nQPg3aA,https://api.spotify.com/v1/tracks/0QNNd0qMCDbraS1nQPg3aA,https://api.spotify.com/v1/audio-analysis/0QNNd0qMCDbraS1nQPg3aA,142657,4
18,Ed Sheeran,Shivers,50nfwKoDiSYg8zOCREWAm5,0.327,0.472,10,-33.939,0,0.0453,0.841,0.98,0.216,0.0339,57.237,audio_features,6JIRjbIe2hQVDnH1Fbz3dc,spotify:track:6JIRjbIe2hQVDnH1Fbz3dc,https://api.spotify.com/v1/tracks/6JIRjbIe2hQVDnH1Fbz3dc,https://api.spotify.com/v1/audio-analysis/6JIRjbIe2hQVDnH1Fbz3dc,199958,4
19,Lil Nas X,Thats What I Want,0e8nrvls4Qqv5Rfa2UhqmO,0.575,0.644,6,-5.68,0,0.0309,0.271,0.0,0.131,0.626,80.07,audio_features,6F7UOC6fPWOkPqybOWBHSv,spotify:track:6F7UOC6fPWOkPqybOWBHSv,https://api.spotify.com/v1/tracks/6F7UOC6fPWOkPqybOWBHSv,https://api.spotify.com/v1/audio-analysis/6F7UOC6fPWOkPqybOWBHSv,195013,4
20,Elton John & Dua Lipa,Cold Heart (PNAU Remix),6zSpb8dQRaw0M1dK8PBwQz,0.529,0.695,6,-6.174,1,0.0278,0.488,1.24e-05,0.142,0.514,139.993,audio_features,6NHpyYvJyQsg2nXXzGYc2R,spotify:track:6NHpyYvJyQsg2nXXzGYc2R,https://api.spotify.com/v1/tracks/6NHpyYvJyQsg2nXXzGYc2R,https://api.spotify.com/v1/audio-analysis/6NHpyYvJyQsg2nXXzGYc2R,215572,4
21,Bad Bunny,Despues de La Playa,1dm6z1fWB0cErMszU25dy2,0.542,0.82,8,-6.073,1,0.0432,0.000682,0.000136,0.0561,0.702,124.85,audio_features,3j1xkzTW8owIphkWV51V9s,spotify:track:3j1xkzTW8owIphkWV51V9s,https://api.spotify.com/v1/tracks/3j1xkzTW8owIphkWV51V9s,https://api.spotify.com/v1/audio-analysis/3j1xkzTW8owIphkWV51V9s,234341,4
22,Walker Hayes,AA,77oKig47u34qCCFWKMfu1e,0.576,0.457,0,-6.473,1,0.0304,0.143,3.05e-05,0.0917,0.301,138.984,audio_features,0rzaRSujxA0bKyjJl6vHYq,spotify:track:0rzaRSujxA0bKyjJl6vHYq,https://api.spotify.com/v1/tracks/0rzaRSujxA0bKyjJl6vHYq,https://api.spotify.com/v1/audio-analysis/0rzaRSujxA0bKyjJl6vHYq,218577,4
23,Jason Aldean,Trouble With A Heartbreak,3HO30hRbkOLU6ZWERayfQO,0.603,0.691,5,-5.805,1,0.0372,0.0248,0.0,0.583,0.577,147.148,audio_features,0U1W2LZVUX7qTm7dDpqxh6,spotify:track:0U1W2LZVUX7qTm7dDpqxh6,https://api.spotify.com/v1/tracks/0U1W2LZVUX7qTm7dDpqxh6,https://api.spotify.com/v1/audio-analysis/0U1W2LZVUX7qTm7dDpqxh6,172267,4
24,Future,Puffin On Zootiez,1qMMYpVatbRITKCfq1gasi,0.787,0.546,0,-7.094,0,0.0532,0.305,4.55e-05,0.122,0.222,93.05,audio_features,5CzixCxDkRXX9mScCmah8O,spotify:track:5CzixCxDkRXX9mScCmah8O,https://api.spotify.com/v1/tracks/5CzixCxDkRXX9mScCmah8O,https://api.spotify.com/v1/audio-analysis/5CzixCxDkRXX9mScCmah8O,176936,4
25,Karol G,Provenza,7dSZ6zGTQx66c2GF91xCrb,0.645,0.721,5,-4.394,1,0.0336,0.357,0.143,0.204,0.88,182.928,audio_features,4j6kId9QIqhoXvqHKgSKa0,spotify:track:4j6kId9QIqhoXvqHKgSKa0,https://api.spotify.com/v1/tracks/4j6kId9QIqhoXvqHKgSKa0,https://api.spotify.com/v1/audio-analysis/4j6kId9QIqhoXvqHKgSKa0,191959,4
26,Cody Johnson,'Til You Can't,4k3lPl8YTKuY8c1HelVnm3,0.316,0.816,7,-11.118,0,0.119,0.00148,0.0,0.361,0.39,172.149,audio_features,28SfqiEzFoySwQ56temRya,spotify:track:28SfqiEzFoySwQ56temRya,https://api.spotify.com/v1/tracks/28SfqiEzFoySwQ56temRya,https://api.spotify.com/v1/audio-analysis/28SfqiEzFoySwQ56temRya,201800,4
27,Kendrick Lamar,N95,2FeBslNBMdR9V58uv6hd2t,0.559,0.535,3,-7.723,1,0.039,0.719,0.000143,0.0954,0.402,141.96,audio_features,3i058E8uxTsYqJ5NWZzqSj,spotify:track:3i058E8uxTsYqJ5NWZzqSj,https://api.spotify.com/v1/tracks/3i058E8uxTsYqJ5NWZzqSj,https://api.spotify.com/v1/audio-analysis/3i058E8uxTsYqJ5NWZzqSj,202183,4
28,Zach Bryan,Something In The Orange,3WMj8moIAXJhHsyLaqIIHI,0.464,0.755,4,-5.707,1,0.0354,0.00838,0.0,0.0989,0.449,155.973,audio_features,1fff5nZGyRJtFLkOrSSwOU,spotify:track:1fff5nZGyRJtFLkOrSSwOU,https://api.spotify.com/v1/tracks/1fff5nZGyRJtFLkOrSSwOU,https://api.spotify.com/v1/audio-analysis/1fff5nZGyRJtFLkOrSSwOU,216764,4
29,Harry Styles,Music For A Sushi Restaurant,5LYMamLv12UPbemOaTPyeV,0.782,0.733,7,-5.112,1,0.399,0.269,0.0,0.134,0.599,144.098,audio_features,3rF1pPjaDjWuIUCTXpMGIv,spotify:track:3rF1pPjaDjWuIUCTXpMGIv,https://api.spotify.com/v1/tracks/3rF1pPjaDjWuIUCTXpMGIv,https://api.spotify.com/v1/audio-analysis/3rF1pPjaDjWuIUCTXpMGIv,218880,4
30,Harry Styles,Matilda,6uvh0In7u1Xn4HgxOfAn8O,0.524,0.643,9,-6.055,1,0.0297,0.451,0.0,0.221,0.397,135.962,audio_features,5gVCfYmQRPy1QJifP8f5gg,spotify:track:5gVCfYmQRPy1QJifP8f5gg,https://api.spotify.com/v1/tracks/5gVCfYmQRPy1QJifP8f5gg,https://api.spotify.com/v1/audio-analysis/5gVCfYmQRPy1QJifP8f5gg,232059,4
31,The Kid LAROI,Thousand Miles,1r8ZCjfrQxoy2wVaBUbpwg,0.519,0.617,7,-4.287,1,0.0313,0.0387,0.0,0.401,0.222,147.708,audio_features,0oWraSo5ASJ0h1BEagTyEw,spotify:track:0oWraSo5ASJ0h1BEagTyEw,https://api.spotify.com/v1/tracks/0oWraSo5ASJ0h1BEagTyEw,https://api.spotify.com/v1/audio-analysis/0oWraSo5ASJ0h1BEagTyEw,225300,3
32,Tate McRae,She's All I Wanna Be,0IuVhCflrQPMGRrOyoY5RW,0.775,0.736,1,-8.072,0,0.247,0.319,0.00116,0.127,0.362,100.988,audio_features,6gI9b2VsoWhjhIuIeToDVs,spotify:track:6gI9b2VsoWhjhIuIeToDVs,https://api.spotify.com/v1/tracks/6gI9b2VsoWhjhIuIeToDVs,https://api.spotify.com/v1/audio-analysis/6gI9b2VsoWhjhIuIeToDVs,239027,4
33,Lil Baby,In A Minute,3ihIZrJreMJPjQdNLrEXnP,0.907,0.577,1,-6.737,0,0.0767,0.438,3.19e-05,0.137,0.801,140.07,audio_features,3tYTyAt1q6BFBiGyYVOLhi,spotify:track:3tYTyAt1q6BFBiGyYVOLhi,https://api.spotify.com/v1/tracks/3tYTyAt1q6BFBiGyYVOLhi,https://api.spotify.com/v1/audio-analysis/3tYTyAt1q6BFBiGyYVOLhi,220779,4
34,Harry Styles,Daylight,51Zw1cKDgkad0CXv23HCMU,0.801,0.475,7,-8.797,0,0.0516,0.141,1.73e-05,0.0639,0.234,98.047,audio_features,5Eax0qFko2dh7Rl2lYs3bx,spotify:track:5Eax0qFko2dh7Rl2lYs3bx,https://api.spotify.com/v1/tracks/5Eax0qFko2dh7Rl2lYs3bx,https://api.spotify.com/v1/audio-analysis/5Eax0qFko2dh7Rl2lYs3bx,213061,4
35,Scotty McCreery,Damn Strait,4jp9FimhP2bQ93vR0A5r7b,0.912,0.655,8,-6.029,0,0.162,0.315,3.39e-05,0.0894,0.793,91.942,audio_features,0W6I02J9xcqK8MtSeosEXb,spotify:track:0W6I02J9xcqK8MtSeosEXb,https://api.spotify.com/v1/tracks/0W6I02J9xcqK8MtSeosEXb,https://api.spotify.com/v1/audio-analysis/0W6I02J9xcqK8MtSeosEXb,138293,4
36,Doja Cat,Get Into It (Yuh),0W6I02J9xcqK8MtSeosEXb,0.523,0.64,4,-6.15,1,0.0295,0.0512,5.52e-05,0.0675,0.48,144.022,audio_features,4jp9FimhP2bQ93vR0A5r7b,spotify:track:4jp9FimhP2bQ93vR0A5r7b,https://api.spotify.com/v1/tracks/4jp9FimhP2bQ93vR0A5r7b,https://api.spotify.com/v1/audio-analysis/4jp9FimhP2bQ93vR0A5r7b,230227,4
37,Bad Bunny,Efecto,5Eax0qFko2dh7Rl2lYs3bx,0.686,0.445,0,-7.189,1,0.0398,0.484,0.00144,0.175,0.626,145.5,audio_features,51Zw1cKDgkad0CXv23HCMU,spotify:track:51Zw1cKDgkad0CXv23HCMU,https://api.spotify.com/v1/tracks/51Zw1cKDgkad0CXv23HCMU,https://api.spotify.com/v1/audio-analysis/51Zw1cKDgkad0CXv23HCMU,164533,3
38,Kendrick Lamar & Kodak Black,Silent Hill,3tYTyAt1q6BFBiGyYVOLhi,0.643,0.605,4,-5.968,0,0.297,0.0336,0.0,0.112,0.145,84.216,audio_features,3ihIZrJreMJPjQdNLrEXnP,spotify:track:3ihIZrJreMJPjQdNLrEXnP,https://api.spotify.com/v1/tracks/3ihIZrJreMJPjQdNLrEXnP,https://api.spotify.com/v1/audio-analysis/3ihIZrJreMJPjQdNLrEXnP,200471,4
39,"Kendrick Lamar, Blxst & Amanda Reifer",Die Hard,6gI9b2VsoWhjhIuIeToDVs,0.614,0.644,2,-5.372,0,0.0426,0.0134,7.07e-06,0.117,0.651,160.036,audio_features,0IuVhCflrQPMGRrOyoY5RW,spotify:track:0IuVhCflrQPMGRrOyoY5RW,https://api.spotify.com/v1/tracks/0IuVhCflrQPMGRrOyoY5RW,https://api.spotify.com/v1/audio-analysis/0IuVhCflrQPMGRrOyoY5RW,206772,4
40,Lady Gaga,Hold My Hand,0oWraSo5ASJ0h1BEagTyEw,0.376,0.657,7,-4.658,1,0.0768,0.0858,0.0,0.0884,0.203,80.565,audio_features,1r8ZCjfrQxoy2wVaBUbpwg,spotify:track:1r8ZCjfrQxoy2wVaBUbpwg,https://api.spotify.com/v1/tracks/1r8ZCjfrQxoy2wVaBUbpwg,https://api.spotify.com/v1/audio-analysis/1r8ZCjfrQxoy2wVaBUbpwg,164782,4
41,Bailey Zimmerman,Fall In Love,5gVCfYmQRPy1QJifP8f5gg,0.507,0.294,2,-10.0,1,0.04,0.896,1.97e-05,0.0966,0.386,114.199,audio_features,6uvh0In7u1Xn4HgxOfAn8O,spotify:track:6uvh0In7u1Xn4HgxOfAn8O,https://api.spotify.com/v1/tracks/6uvh0In7u1Xn4HgxOfAn8O,https://api.spotify.com/v1/audio-analysis/6uvh0In7u1Xn4HgxOfAn8O,245964,4
42,JNR CHOI & Sam Tompkins,To The Moon!,3rF1pPjaDjWuIUCTXpMGIv,0.72,0.715,11,-4.652,1,0.04,0.258,0.0568,0.107,0.357,107.041,audio_features,5LYMamLv12UPbemOaTPyeV,spotify:track:5LYMamLv12UPbemOaTPyeV,https://api.spotify.com/v1/tracks/5LYMamLv12UPbemOaTPyeV,https://api.spotify.com/v1/audio-analysis/5LYMamLv12UPbemOaTPyeV,193813,4
43,Thomas Rhett,Slow Down Summer,1fff5nZGyRJtFLkOrSSwOU,0.369,0.192,4,-12.151,0,0.04,0.555,8.35e-06,0.0954,0.148,175.212,audio_features,3WMj8moIAXJhHsyLaqIIHI,spotify:track:3WMj8moIAXJhHsyLaqIIHI,https://api.spotify.com/v1/tracks/3WMj8moIAXJhHsyLaqIIHI,https://api.spotify.com/v1/audio-analysis/3WMj8moIAXJhHsyLaqIIHI,228013,3
44,Harry Styles,Little Freak,3i058E8uxTsYqJ5NWZzqSj,0.79,0.67,1,-5.527,1,0.105,0.377,2.32e-06,0.119,0.408,139.956,audio_features,2FeBslNBMdR9V58uv6hd2t,spotify:track:2FeBslNBMdR9V58uv6hd2t,https://api.spotify.com/v1/tracks/2FeBslNBMdR9V58uv6hd2t,https://api.spotify.com/v1/audio-analysis/2FeBslNBMdR9V58uv6hd2t,195950,4
45,NEW,Die Young,28SfqiEzFoySwQ56temRya,0.501,0.815,1,-4.865,1,0.0436,0.0513,0.0,0.106,0.46,160.087,audio_features,4k3lPl8YTKuY8c1HelVnm3,spotify:track:4k3lPl8YTKuY8c1HelVnm3,https://api.spotify.com/v1/tracks/4k3lPl8YTKuY8c1HelVnm3,https://api.spotify.com/v1/audio-analysis/4k3lPl8YTKuY8c1HelVnm3,224213,4
46,Harry Styles,Grapejuice,4j6kId9QIqhoXvqHKgSKa0,0.87,0.516,1,-8.006,1,0.0541,0.656,0.00823,0.11,0.53,111.005,audio_features,7dSZ6zGTQx66c2GF91xCrb,spotify:track:7dSZ6zGTQx66c2GF91xCrb,https://api.spotify.com/v1/tracks/7dSZ6zGTQx66c2GF91xCrb,https://api.spotify.com/v1/audio-analysis/7dSZ6zGTQx66c2GF91xCrb,210200,4
47,Bad Bunny,Un Ratito,5CzixCxDkRXX9mScCmah8O,0.883,0.657,8,-5.748,1,0.305,0.0603,0.0,0.128,0.284,124.992,audio_features,1qMMYpVatbRITKCfq1gasi,spotify:track:1qMMYpVatbRITKCfq1gasi,https://api.spotify.com/v1/tracks/1qMMYpVatbRITKCfq1gasi,https://api.spotify.com/v1/audio-analysis/1qMMYpVatbRITKCfq1gasi,172933,4
48,Shawn Mendes,When You're Gone,0U1W2LZVUX7qTm7dDpqxh6,0.582,0.797,5,-4.926,1,0.0334,0.23,0.0,0.132,0.595,135.973,audio_features,3HO30hRbkOLU6ZWERayfQO,spotify:track:3HO30hRbkOLU6ZWERayfQO,https://api.spotify.com/v1/tracks/3HO30hRbkOLU6ZWERayfQO,https://api.spotify.com/v1/audio-analysis/3HO30hRbkOLU6ZWERayfQO,196027,4
49,Harry Styles,Satellite,0rzaRSujxA0bKyjJl6vHYq,0.635,0.747,4,-6.227,1,0.0293,0.00313,0.0,0.346,0.753,104.027,audio_features,77oKig47u34qCCFWKMfu1e,spotify:track:77oKig47u34qCCFWKMfu1e,https://api.spotify.com/v1/tracks/77oKig47u34qCCFWKMfu1e,https://api.spotify.com/v1/audio-analysis/77oKig47u34qCCFWKMfu1e,189560,4
50,Kane Brown,Like I Love Country Music,3j1xkzTW8owIphkWV51V9s,0.564,0.903,5,-3.221,1,0.307,0.356,0.0,0.175,0.607,78.293,audio_features,1dm6z1fWB0cErMszU25dy2,spotify:track:1dm6z1fWB0cErMszU25dy2,https://api.spotify.com/v1/tracks/1dm6z1fWB0cErMszU25dy2,https://api.spotify.com/v1/audio-analysis/1dm6z1fWB0cErMszU25dy2,230400,4
51,Morgan Wallen,Thought You Should Know,6NHpyYvJyQsg2nXXzGYc2R,0.796,0.798,1,-6.312,1,0.0317,0.034,4.19e-05,0.0952,0.942,116.032,audio_features,6zSpb8dQRaw0M1dK8PBwQz,spotify:track:6zSpb8dQRaw0M1dK8PBwQz,https://api.spotify.com/v1/tracks/6zSpb8dQRaw0M1dK8PBwQz,https://api.spotify.com/v1/audio-analysis/6zSpb8dQRaw0M1dK8PBwQz,202735,4
52,Miranda Lambert,If I Was A Cowboy,6F7UOC6fPWOkPqybOWBHSv,0.737,0.846,1,-4.51,0,0.22,0.00614,0.0,0.0486,0.546,87.981,audio_features,0e8nrvls4Qqv5Rfa2UhqmO,spotify:track:0e8nrvls4Qqv5Rfa2UhqmO,https://api.spotify.com/v1/tracks/0e8nrvls4Qqv5Rfa2UhqmO,https://api.spotify.com/v1/audio-analysis/0e8nrvls4Qqv5Rfa2UhqmO,143901,4
53,NEW,Potion,6JIRjbIe2hQVDnH1Fbz3dc,0.788,0.859,2,-2.724,1,0.0856,0.281,0.0,0.0424,0.822,141.02,audio_features,50nfwKoDiSYg8zOCREWAm5,spotify:track:50nfwKoDiSYg8zOCREWAm5,https://api.spotify.com/v1/tracks/50nfwKoDiSYg8zOCREWAm5,https://api.spotify.com/v1/audio-analysis/50nfwKoDiSYg8zOCREWAm5,207853,4
54,Quavo & Takeoff,Hotel Lobby (Unc And Phew),0QNNd0qMCDbraS1nQPg3aA,0.559,0.66,7,-4.143,1,0.0512,0.222,0.0,0.193,0.574,163.957,audio_features,2afB4eV1KWBqLqFqME6PTh,spotify:track:2afB4eV1KWBqLqFqME6PTh,https://api.spotify.com/v1/tracks/2afB4eV1KWBqLqFqME6PTh,https://api.spotify.com/v1/audio-analysis/2afB4eV1KWBqLqFqME6PTh,157907,4
55,Lil Baby,Right On,6ws54n2IzyrIxxyzlG2bVJ,0.168,0.00931,9,-30.647,1,0.0431,0.815,0.803,0.0855,0.0385,113.992,audio_features,7x0wkOCv38Xzd2DBmyU9IC,spotify:track:7x0wkOCv38Xzd2DBmyU9IC,https://api.spotify.com/v1/tracks/7x0wkOCv38Xzd2DBmyU9IC,https://api.spotify.com/v1/audio-analysis/7x0wkOCv38Xzd2DBmyU9IC,153267,4
56,Harry Styles,Cinema,35TyJIMR3xRouUuo2sjS6v,0.731,0.85,9,-4.913,1,0.0336,0.252,0.0,0.605,0.644,119.706,audio_features,5uU1uuyaUIBOiiUSQG7Wl3,spotify:track:5uU1uuyaUIBOiiUSQG7Wl3,https://api.spotify.com/v1/tracks/5uU1uuyaUIBOiiUSQG7Wl3,https://api.spotify.com/v1/audio-analysis/5uU1uuyaUIBOiiUSQG7Wl3,157478,4
57,Harry Styles,Keep Driving,2NcQic8JxdjAlAHuNbOIRE,0.825,0.414,2,-6.634,1,0.144,0.00265,0.0,0.357,0.106,72.993,audio_features,4A8cWXxKfIL3lAyUDzXbCF,spotify:track:4A8cWXxKfIL3lAyUDzXbCF,https://api.spotify.com/v1/tracks/4A8cWXxKfIL3lAyUDzXbCF,https://api.spotify.com/v1/audio-analysis/4A8cWXxKfIL3lAyUDzXbCF,200548,4
58,Harry Styles,Daydreaming,69w5X6uTrOaWM32IetSzvO,0.742,0.527,8,-6.892,0,0.0769,0.327,0.0,0.25,0.638,84.974,audio_features,3o9kpgkIcffx0iSwxhuNI2,spotify:track:3o9kpgkIcffx0iSwxhuNI2,https://api.spotify.com/v1/tracks/3o9kpgkIcffx0iSwxhuNI2,https://api.spotify.com/v1/audio-analysis/3o9kpgkIcffx0iSwxhuNI2,169238,4
59,Bad Bunny,Yo No Soy Celoso,5kVZxyMY1gfdCLiChsfjn1,0.807,0.893,11,-3.745,0,0.0347,0.0451,2.79e-05,0.366,0.537,126.011,audio_features,3rmo8F54jFF8OgYsqTxm5d,spotify:track:3rmo8F54jFF8OgYsqTxm5d,https://api.spotify.com/v1/tracks/3rmo8F54jFF8OgYsqTxm5d,https://api.spotify.com/v1/audio-analysis/3rmo8F54jFF8OgYsqTxm5d,230747,4
60,Harry Styles,Love Of My Life,1mw0RgNXIpYRyyCdBQbLgA,0.824,0.764,5,-4.175,0,0.0854,0.0888,0.00294,0.117,0.881,107.998,audio_features,6Uj1ctrBOjOas8xZXGqKk4,spotify:track:6Uj1ctrBOjOas8xZXGqKk4,https://api.spotify.com/v1/tracks/6Uj1ctrBOjOas8xZXGqKk4,https://api.spotify.com/v1/audio-analysis/6Uj1ctrBOjOas8xZXGqKk4,172627,4
61,Kendrick Lamar,Rich Spirit,6kYGOFNUMxpab09L5Ukoke,0.345,0.612,7,-6.543,0,0.0608,0.232,0.0,0.194,0.232,179.773,audio_features,59CfNbkERJ3NoTXDvoURjj,spotify:track:59CfNbkERJ3NoTXDvoURjj,https://api.spotify.com/v1/tracks/59CfNbkERJ3NoTXDvoURjj,https://api.spotify.com/v1/audio-analysis/59CfNbkERJ3NoTXDvoURjj,153000,3
62,Bad Bunny,Neverita,31i56LZnwE6uSu3exoHjtB,0.601,0.741,2,-5.569,1,0.0478,0.185,2.91e-05,0.415,0.441,153.96,audio_features,6I3mqTwhRpn34SLVafSH7G,spotify:track:6I3mqTwhRpn34SLVafSH7G,https://api.spotify.com/v1/tracks/6I3mqTwhRpn34SLVafSH7G,https://api.spotify.com/v1/audio-analysis/6I3mqTwhRpn34SLVafSH7G,153190,4
63,NEW,Sunroof,1ZlEzZZHicayQYMHHubc0s,0.804,0.674,5,-5.453,0,0.0333,0.294,1.18e-06,0.115,0.292,99.968,audio_features,6Xom58OOXk2SoU711L2IXO,spotify:track:6Xom58OOXk2SoU711L2IXO,https://api.spotify.com/v1/tracks/6Xom58OOXk2SoU711L2IXO,https://api.spotify.com/v1/audio-analysis/6Xom58OOXk2SoU711L2IXO,245940,4
64,Harry Styles,Boyfriends,6qj02zSeEJGWZ4c0dn5QzJ,0.505,0.657,11,-5.24,0,0.0318,0.373,0.00107,0.126,0.252,196.0,audio_features,3cBsEDNhFI9E82vPj3kvi3,spotify:track:3cBsEDNhFI9E82vPj3kvi3,https://api.spotify.com/v1/tracks/3cBsEDNhFI9E82vPj3kvi3,https://api.spotify.com/v1/audio-analysis/3cBsEDNhFI9E82vPj3kvi3,178520,3
65,Maren Morris,Circles Around This Town,13G5xv1wUKvJYbK0wYmioN,0.65,0.715,5,-5.198,0,0.253,0.0993,0.000291,0.126,0.187,106.672,audio_features,1IHWl5LamUGEuP4ozKQSXZ,spotify:track:1IHWl5LamUGEuP4ozKQSXZ,https://api.spotify.com/v1/tracks/1IHWl5LamUGEuP4ozKQSXZ,https://api.spotify.com/v1/audio-analysis/1IHWl5LamUGEuP4ozKQSXZ,243717,4
66,Jack Harlow,Dua Lipa,0LnS7aOdOdI1dNKZqdOLz4,0.714,0.728,10,-4.595,1,0.0468,0.298,0.0,0.106,0.901,114.996,audio_features,1qEmFfgcLObUfQm0j1W2CK,spotify:track:1qEmFfgcLObUfQm0j1W2CK,https://api.spotify.com/v1/tracks/1qEmFfgcLObUfQm0j1W2CK,https://api.spotify.com/v1/audio-analysis/1qEmFfgcLObUfQm0j1W2CK,177955,4
67,Ella Mai,DFMU,1bdm32mVmoGcek5bVKxQKd,0.935,0.807,11,-3.838,0,0.114,0.0514,0.0,0.349,0.813,106.017,audio_features,6Zu3aw7FfjAF9WA0fA81Oq,spotify:track:6Zu3aw7FfjAF9WA0fA81Oq,https://api.spotify.com/v1/tracks/6Zu3aw7FfjAF9WA0fA81Oq,https://api.spotify.com/v1/audio-analysis/6Zu3aw7FfjAF9WA0fA81Oq,173182,4
68,Bad Bunny & Buscabulla,Andrea,44XjoNvtwevktFKjvVe1vH,0.761,0.525,11,-6.9,1,0.0944,0.44,6.7e-06,0.0921,0.531,80.87,audio_features,3USxtqRwSYz57Ewm6wWRMp,spotify:track:3USxtqRwSYz57Ewm6wWRMp,https://api.spotify.com/v1/tracks/3USxtqRwSYz57Ewm6wWRMp,https://api.spotify.com/v1/audio-analysis/3USxtqRwSYz57Ewm6wWRMp,238805,4
69,Future,Love You Better,4XJRpBOG0bU3Nxnvam3FnC,0.836,0.743,10,-6.305,0,0.0656,0.0995,0.0,0.335,0.722,108.966,audio_features,1PckUlxKqWQs3RlWXVBLw3,spotify:track:1PckUlxKqWQs3RlWXVBLw3,https://api.spotify.com/v1/tracks/1PckUlxKqWQs3RlWXVBLw3,https://api.spotify.com/v1/audio-analysis/1PckUlxKqWQs3RlWXVBLw3,191822,4
70,NEW,Wild Hearts,0V4pyMCQ26KcrZoeZqoDtj,0.905,0.563,8,-6.135,1,0.102,0.0254,9.71e-06,0.113,0.324,106.998,audio_features,1rDQ4oMwGJI7B4tovsBOxc,spotify:track:1rDQ4oMwGJI7B4tovsBOxc,https://api.spotify.com/v1/tracks/1rDQ4oMwGJI7B4tovsBOxc,https://api.spotify.com/v1/audio-analysis/1rDQ4oMwGJI7B4tovsBOxc,173948,4
71,NEW,Last Night Lonely,7eg3WCVdauMpnUbfaZYfvQ,0.52,0.731,6,-5.338,0,0.0557,0.342,0.00101,0.311,0.662,173.93,audio_features,4LRPiXqCikLlN15c3yImP7,spotify:track:4LRPiXqCikLlN15c3yImP7,https://api.spotify.com/v1/tracks/4LRPiXqCikLlN15c3yImP7,https://api.spotify.com/v1/audio-analysis/4LRPiXqCikLlN15c3yImP7,167303,4
